{"title":"lepo3-naver-com","icon":null,"fields":{},"assets":{},"sections":[],"preloader":{"fields":{"System.String":{"Playable Name":{"id":"parameter\/preloader\/name","title":"Playable Name","type":"string","defaultValue":[null],"constraints":{},"section":"Preloader","order":1,"localization":0,"options":{}}},"UnityEngine.Color":{"Background Color":{"id":"parameter\/preloader\/color","title":"Background Color","type":"color","defaultValue":[0,0,0,1],"constraints":{},"section":"Preloader","order":2,"localization":0,"options":{}}}},"assets":{"":{"id":"asset\/preloader\/icon","title":"","type":"texture","section":"Preloader","order":0}},"sections":[{"title":"Preloader","order":0,"fixed":1}]},"buildId":"16e9b518-af70-4bf1-8f08-74b895160339"}