{"materials":[{"id":874,"path":"Resources/unity_builtin_extra\\Default-ParticleSystem","assetBundleId":-2,"data":["Default-ParticleSystem",0,180,3000,0,[["_Cutoff",0.5],["_BumpScale",1],["_DistortionStrength",1],["_DistortionBlend",0.5],["_SoftParticlesNearFadeDistance",0],["_SoftParticlesFarFadeDistance",1],["_CameraNearFadeDistance",1],["_CameraFarFadeDistance",2],["_Mode",2],["_ColorMode",0],["_FlipbookMode",0],["_LightingEnabled",0],["_DistortionEnabled",0],["_EmissionEnabled",0],["_BlendOp",0],["_SrcBlend",5],["_DstBlend",10],["_ZWrite",0],["_Cull",2],["_SoftParticlesEnabled",0],["_CameraFadingEnabled",0],["_DistortionStrengthScaled",0]],[["_Color",1,1,1,1],["_EmissionColor",0,0,0,1]],[["_MainTex_ST",1,1,0,0],["_BumpMap_ST",1,1,0,0],["_EmissionMap_ST",1,1,0,0],["_SoftParticleFadeParams",0,0,0,0],["_CameraFadeParams",0,1e9999,0,0],["_ColorAddSubDiff",0,0,0,0]],[["_MainTex",1,872],["_BumpMap",null,null],["_EmissionMap",null,null]],[["_ALPHABLEND_ON",1]]]},{"id":866,"path":"Resources/unity_builtin_extra\\Default-Skybox","assetBundleId":-2,"data":["Default-Skybox",0,154,1000,0,[["_SunDisk",1],["_SunSize",0.0399999991059303],["_SunSizeConvergence",5],["_AtmosphereThickness",1],["_Exposure",1.29999995231628]],[["_SkyTint",0.5,0.5,0.5,1],["_GroundColor",0.368999987840652,0.349000006914139,0.340999990701675,1]],[],[],[["_SUNDISK_SIMPLE",1]]]}],"shaders":[{"id":180,"assetBundleId":-2,"data":[[],"Particles/Standard Unlit",null,["SHADOWS_DEPTH","_ALPHABLEND_ON","_ALPHAMODULATE_ON","_ALPHAPREMULTIPLY_ON","_ALPHATEST_ON","_REQUIRE_UV2","FOG_EXP","FOG_EXP2","FOG_LINEAR","_COLORADDSUBDIFF_ON","_COLORCOLOR_ON","_COLOROVERLAY_ON","_EMISSION","_FADING_ON","_NORMALMAP","INSTANCING_ON","PROCEDURAL_INSTANCING_ON","SHADOWS_CUBE","STEREO_CUBEMAP_RENDER_ON","STEREO_INSTANCING_ON","STEREO_MULTIVIEW_ON","UNITY_SINGLE_PASS_STEREO","__","_","EFFECT_BUMP","SOFTPARTICLES_ON"],[[0,0,"",0,"_GrabTexture",0,[0,null],[0,null],[0,null],[[1,null],[0,null],[0,null]],[[1,null],[0,null],[0,null]],[15,null],[0,null],[0,null],[0,null],[0,null],[0,null],[[0,null],[0,null],[0,null],[0,null]],[[0,null],[0,null],[0,null],[0,null]],[[0,null],[0,null],[0,null],[0,null]],[["LIGHTMODE","GRABPASS"]],[],[],[],[],0],[1,0,"ShadowCaster",8,"",0,[4,null],[1,null],[0,null],[[1,null],[0,null],[0,null]],[[1,null],[0,null],[0,null]],[14,null],[0,null],[0,null],[0,null],[255,null],[255,null],[[0,null],[0,null],[0,null],[8,null]],[[0,null],[0,null],[0,null],[8,null]],[[0,null],[0,null],[0,null],[8,null]],[["IGNOREPROJECTOR","true"],["LIGHTMODE","SHADOWCASTER"],["PerformanceChecks","False"],["PreviewType","Plane"],["RenderType","Opaque"],["SHADOWSUPPORT","true"]],["INSTANCING_ON","PROCEDURAL_INSTANCING_ON","SHADOWS_CUBE","SHADOWS_DEPTH","STEREO_CUBEMAP_RENDER_ON","STEREO_INSTANCING_ON","STEREO_MULTIVIEW_ON","UNITY_SINGLE_PASS_STEREO","_ALPHABLEND_ON","_ALPHAMODULATE_ON","_ALPHAPREMULTIPLY_ON","_ALPHATEST_ON","_REQUIRE_UV2","__","_"],[],[],[],0],[4,0,"",0,"",0,[4,null],[0,"_ZWrite"],[0,"_Cull"],[[0,"_SrcBlend"],[0,"_DstBlend"],[0,"_BlendOp"]],[[0,"_SrcBlend"],[0,"_DstBlend"],[0,"_BlendOp"]],[14,null],[0,null],[0,null],[0,null],[255,null],[255,null],[[0,null],[0,null],[0,null],[8,null]],[[0,null],[0,null],[0,null],[8,null]],[[0,null],[0,null],[0,null],[8,null]],[["IGNOREPROJECTOR","true"],["PerformanceChecks","False"],["PreviewType","Plane"],["RenderType","Opaque"]],["EFFECT_BUMP","FOG_EXP","FOG_EXP2","FOG_LINEAR","INSTANCING_ON","PROCEDURAL_INSTANCING_ON","SOFTPARTICLES_ON","STEREO_CUBEMAP_RENDER_ON","STEREO_INSTANCING_ON","STEREO_MULTIVIEW_ON","UNITY_SINGLE_PASS_STEREO","_ALPHABLEND_ON","_ALPHAMODULATE_ON","_ALPHAPREMULTIPLY_ON","_ALPHATEST_ON","_COLORADDSUBDIFF_ON","_COLORCOLOR_ON","_COLOROVERLAY_ON","_EMISSION","_FADING_ON","_NORMALMAP","_REQUIRE_UV2","__","_"],[],[],[],0]],[],[["_MainTex",4,0,0,0,0,"white",0],["_Color",0,1,1,1,1,"",0],["_Cutoff",3,0.5,0,1,0,"",0],["_BumpScale",2,1,0,0,0,"",0],["_BumpMap",4,0,0,0,0,"bump",0],["_EmissionColor",0,0,0,0,1,"",0],["_EmissionMap",4,0,0,0,0,"white",0],["_DistortionStrength",2,1,0,0,0,"",0],["_DistortionBlend",3,0.5,0,1,0,"",0],["_SoftParticlesNearFadeDistance",2,0,0,0,0,"",0],["_SoftParticlesFarFadeDistance",2,1,0,0,0,"",0],["_CameraNearFadeDistance",2,1,0,0,0,"",0],["_CameraFarFadeDistance",2,2,0,0,0,"",0],["_Mode",2,0,0,0,0,"",1],["_ColorMode",2,0,0,0,0,"",1],["_FlipbookMode",2,0,0,0,0,"",1],["_LightingEnabled",2,0,0,0,0,"",1],["_DistortionEnabled",2,0,0,0,0,"",1],["_EmissionEnabled",2,0,0,0,0,"",1],["_BlendOp",2,0,0,0,0,"",1],["_SrcBlend",2,1,0,0,0,"",1],["_DstBlend",2,0,0,0,0,"",1],["_ZWrite",2,1,0,0,0,"",1],["_Cull",2,2,0,0,0,"",1],["_SoftParticlesEnabled",2,0,0,0,0,"",1],["_CameraFadingEnabled",2,0,0,0,0,"",1],["_SoftParticleFadeParams",1,0,0,0,0,"",1],["_CameraFadeParams",1,0,0,0,0,"",1],["_ColorAddSubDiff",1,0,0,0,0,"",1],["_DistortionStrengthScaled",2,0,0,0,0,"",1]],0,72,0,0,0]},{"id":28,"assetBundleId":-2,"data":[[],"UI/Default",null,["UNITY_UI_ALPHACLIP","UNITY_UI_CLIP_RECT","STEREO_CUBEMAP_RENDER_ON","STEREO_INSTANCING_ON","STEREO_MULTIVIEW_ON","UNITY_SINGLE_PASS_STEREO","_"],[[0,0,"Default",0,"",0,[0,"unity_GUIZTestMode"],[0,null],[0,null],[[1,null],[10,null],[0,null]],[[1,null],[10,null],[0,null]],[0,"_ColorMask"],[0,null],[0,null],[0,"_Stencil"],[0,"_StencilReadMask"],[0,"_StencilWriteMask"],[[0,"_StencilOp"],[0,null],[0,null],[0,"_StencilComp"]],[[0,null],[0,null],[0,null],[8,null]],[[0,null],[0,null],[0,null],[8,null]],[["CanUseSpriteAtlas","true"],["IGNOREPROJECTOR","true"],["PreviewType","Plane"],["QUEUE","Transparent"],["RenderType","Transparent"]],["STEREO_CUBEMAP_RENDER_ON","STEREO_INSTANCING_ON","STEREO_MULTIVIEW_ON","UNITY_SINGLE_PASS_STEREO","UNITY_UI_ALPHACLIP","UNITY_UI_CLIP_RECT","_"],[],[[0,0,[],0,1,0,0],[0,0,[],2,3,1,0]],[],0]],[],[["_MainTex",4,0,0,0,0,"white",2],["_Color",0,1,1,1,1,"",0],["_StencilComp",2,8,0,0,0,"",0],["_Stencil",2,0,0,0,0,"",0],["_StencilOp",2,0,0,0,0,"",0],["_StencilWriteMask",2,255,0,0,0,"",0],["_StencilReadMask",2,255,0,0,0,"",0],["_ColorMask",2,15,0,0,0,"",0],["_UseUIAlphaClip",2,0,0,0,0,"",0]],null,null,0,0,0]},{"id":298,"assetBundleId":-2,"data":[[],"Mobile/Particles/Additive",null,["FOG_EXP","FOG_EXP2","FOG_LINEAR","STEREO_CUBEMAP_RENDER_ON","STEREO_INSTANCING_ON","STEREO_MULTIVIEW_ON","UNITY_SINGLE_PASS_STEREO","_"],[[0,0,"",0,"",0,[4,null],[0,null],[0,null],[[5,null],[1,null],[0,null]],[[5,null],[1,null],[0,null]],[15,null],[0,null],[0,null],[0,null],[255,null],[255,null],[[0,null],[0,null],[0,null],[8,null]],[[0,null],[0,null],[0,null],[8,null]],[[0,null],[0,null],[0,null],[8,null]],[["IGNOREPROJECTOR","true"],["PreviewType","Plane"],["QUEUE","Transparent"],["RenderType","Transparent"]],["FOG_EXP","FOG_EXP2","FOG_LINEAR","STEREO_CUBEMAP_RENDER_ON","STEREO_INSTANCING_ON","STEREO_MULTIVIEW_ON","UNITY_SINGLE_PASS_STEREO","_"],[],[],[],0]],[],[["_MainTex",4,0,0,0,0,"white",0]],null,null,0,0,0]},{"id":300,"assetBundleId":-2,"data":[[],"Mobile/Particles/Alpha Blended",null,["FOG_EXP","FOG_EXP2","FOG_LINEAR","STEREO_CUBEMAP_RENDER_ON","STEREO_INSTANCING_ON","STEREO_MULTIVIEW_ON","UNITY_SINGLE_PASS_STEREO","_"],[[0,0,"",0,"",0,[4,null],[0,null],[0,null],[[5,null],[10,null],[0,null]],[[5,null],[10,null],[0,null]],[15,null],[0,null],[0,null],[0,null],[255,null],[255,null],[[0,null],[0,null],[0,null],[8,null]],[[0,null],[0,null],[0,null],[8,null]],[[0,null],[0,null],[0,null],[8,null]],[["IGNOREPROJECTOR","true"],["PreviewType","Plane"],["QUEUE","Transparent"],["RenderType","Transparent"]],["FOG_EXP","FOG_EXP2","FOG_LINEAR","STEREO_CUBEMAP_RENDER_ON","STEREO_INSTANCING_ON","STEREO_MULTIVIEW_ON","UNITY_SINGLE_PASS_STEREO","_"],[],[],[],0]],[],[["_MainTex",4,0,0,0,0,"white",0]],null,null,0,0,0]},{"id":154,"assetBundleId":-2,"data":[[],"Skybox/Procedural",null,["_SUNDISK_HIGH_QUALITY","_SUNDISK_NONE","_SUNDISK_SIMPLE","STEREO_CUBEMAP_RENDER_ON","STEREO_INSTANCING_ON","STEREO_MULTIVIEW_ON","UNITY_SINGLE_PASS_STEREO"],[[0,0,"",0,"",0,[4,null],[0,null],[0,null],[[1,null],[0,null],[0,null]],[[1,null],[0,null],[0,null]],[15,null],[0,null],[0,null],[0,null],[255,null],[255,null],[[0,null],[0,null],[0,null],[8,null]],[[0,null],[0,null],[0,null],[8,null]],[[0,null],[0,null],[0,null],[8,null]],[["PreviewType","Skybox"],["QUEUE","Background"],["RenderType","Background"]],["STEREO_CUBEMAP_RENDER_ON","STEREO_INSTANCING_ON","STEREO_MULTIVIEW_ON","UNITY_SINGLE_PASS_STEREO","_SUNDISK_HIGH_QUALITY","_SUNDISK_NONE","_SUNDISK_SIMPLE"],[],[[0,0,["_SUNDISK_SIMPLE"],4,5,0,0],[0,0,["_SUNDISK_SIMPLE"],6,7,1,0]],[],0]],[],[["_SunDisk",2,2,0,0,0,"",0],["_SunSize",3,0.0399999991059303,0,1,0,"",0],["_SunSizeConvergence",3,5,1,10,0,"",0],["_AtmosphereThickness",3,1,0,5,0,"",0],["_SkyTint",0,0.5,0.5,0.5,1,"",0],["_GroundColor",0,0.368999987840652,0.349000006914139,0.340999990701675,1,"",0],["_Exposure",3,1.29999995231628,0,8,0,"",0]],null,null,0,0,0]},{"id":48,"assetBundleId":-2,"data":[[],"Hidden/BlitCopy",null,["STEREO_CUBEMAP_RENDER_ON","STEREO_INSTANCING_ON","STEREO_MULTIVIEW_ON","UNITY_SINGLE_PASS_STEREO"],[[0,0,"",0,"",0,[8,null],[0,null],[0,null],[[1,null],[0,null],[0,null]],[[1,null],[0,null],[0,null]],[15,null],[0,null],[0,null],[0,null],[255,null],[255,null],[[0,null],[0,null],[0,null],[8,null]],[[0,null],[0,null],[0,null],[8,null]],[[0,null],[0,null],[0,null],[8,null]],[],["STEREO_CUBEMAP_RENDER_ON","STEREO_INSTANCING_ON","STEREO_MULTIVIEW_ON","UNITY_SINGLE_PASS_STEREO"],[],[],[],0]],[],[["_MainTex",4,0,0,0,0,"",0],["_Color",0,1,1,1,1,"",0]],null,null,0,0,0]},{"id":72,"assetBundleId":-2,"data":[[],"Legacy Shaders/VertexLit",null,["FOG_EXP","FOG_EXP2","FOG_LINEAR","POINT","SPOT","SHADOWS_DEPTH","STEREO_CUBEMAP_RENDER_ON","STEREO_INSTANCING_ON","STEREO_MULTIVIEW_ON","UNITY_SINGLE_PASS_STEREO","_","__","INSTANCING_ON","SHADOWS_CUBE"],[[0,0,"",1,"",0,[4,null],[1,null],[2,null],[[1,null],[0,null],[0,null]],[[1,null],[0,null],[0,null]],[15,null],[0,null],[0,null],[0,null],[255,null],[255,null],[[0,null],[0,null],[0,null],[8,null]],[[0,null],[0,null],[0,null],[8,null]],[[0,null],[0,null],[0,null],[8,null]],[["LIGHTMODE","Vertex"],["RenderType","Opaque"]],["FOG_EXP","FOG_EXP2","FOG_LINEAR","POINT","SPOT","STEREO_CUBEMAP_RENDER_ON","STEREO_INSTANCING_ON","STEREO_MULTIVIEW_ON","UNITY_SINGLE_PASS_STEREO","_"],[],[],[],0],[1,0,"",2,"",0,[4,null],[1,null],[2,null],[[1,null],[0,null],[0,null]],[[1,null],[0,null],[0,null]],[15,null],[0,null],[0,null],[0,null],[255,null],[255,null],[[0,null],[0,null],[0,null],[8,null]],[[0,null],[0,null],[0,null],[8,null]],[[0,null],[0,null],[0,null],[8,null]],[["LIGHTMODE","VertexLM"],["RenderType","Opaque"]],["FOG_EXP","FOG_EXP2","FOG_LINEAR","STEREO_CUBEMAP_RENDER_ON","STEREO_INSTANCING_ON","STEREO_MULTIVIEW_ON","UNITY_SINGLE_PASS_STEREO","__"],[],[],[],0],[2,0,"ShadowCaster",8,"",0,[4,null],[1,null],[2,null],[[1,null],[0,null],[0,null]],[[1,null],[0,null],[0,null]],[15,null],[0,null],[0,null],[0,null],[255,null],[255,null],[[0,null],[0,null],[0,null],[8,null]],[[0,null],[0,null],[0,null],[8,null]],[[0,null],[0,null],[0,null],[8,null]],[["LIGHTMODE","SHADOWCASTER"],["RenderType","Opaque"],["SHADOWSUPPORT","true"]],["INSTANCING_ON","SHADOWS_CUBE","SHADOWS_DEPTH","STEREO_CUBEMAP_RENDER_ON","STEREO_INSTANCING_ON","STEREO_MULTIVIEW_ON","UNITY_SINGLE_PASS_STEREO","__"],[],[],[],0]],[],[["_Color",0,1,1,1,1,"",0],["_SpecColor",0,1,1,1,1,"",0],["_Emission",0,0,0,0,0,"",0],["_Shininess",3,0.699999988079071,0.00999999977648258,1,0,"",0],["_MainTex",4,0,0,0,0,"white",0]],null,null,0,0,0]}],"sprites":[{"id":904,"path":"Resources/unity_builtin_extra\\UIMask","assetBundleId":-2,"data":["UIMask",1,902,[0,0,0,0.07,0.07,0],[0.055,0.07,0,0.84375,0.9375,0.07,-0.06,0,0.9375,0.125,0.07,0.055,0,0.9375,0.84375,0.055,-0.07,0,0.84375,0.0625,-0.065,-0.07,0,0.09375,0.0625,-0.07,0.07,0,0.0625,0.9375,-0.07,-0.06,0,0.0625,0.125],[6,5,4,0,4,5,3,4,0,1,3,0,2,1,0],-0.000835970044136047,-0.000835970044136047,0.999164044857025,0.999164044857025,0.0625,0.0625,0.9375,0.9375,0.3125,0.3125,0.3125,0.3125,[0,0,0,0],[-0.08,-0.08,0.08,0.08],200,32,32,32,32,16,16,2.02675104141235,2.02675104141235]}],"textures":[{"id":872,"type":0,"path":"Resources/unity_builtin_extra\\Default-ParticleSystem","assetBundleId":-2,"data":["Default-ParticleSystem",64,64,7,1,1,0,4,1,0,1,8,0,0,1,1]},{"id":902,"type":0,"path":"Resources/unity_builtin_extra\\UIMask","assetBundleId":-2,"data":["UIMask",32,32,6,16,1,0,4,1,1,1,8,0,0,1,1]}],"cubemaps":[{"id":27636,"type":2,"path":"Assets/@Scenes/GameScene.unity/PrefilteredEnvironment.exr","assetBundleId":-2,"data":["",-5884,8,1,128,0,2,[0,0,0.25,0.5,0,0.5,0.25,1,0.25,0,0.5,0.5,0.25,0.5,0.5,1,0.5,0,0.75,0.5,0.75,0,1,0.5,0.5,0.5,0.625,0.75,0.5,0.75,0.625,1,0.625,0.5,0.75,0.75,0.625,0.75,0.75,1,0.75,0.5,0.875,0.75,0.875,0.5,1,0.75,0.75,0.75,0.8125,0.875,0.75,0.875,0.8125,1,0.8125,0.75,0.875,0.875,0.8125,0.875,0.875,1,0.875,0.75,0.9375,0.875,0.9375,0.75,1,0.875,0.875,0.875,0.90625,0.9375,0.875,0.9375,0.90625,1,0.90625,0.875,0.9375,0.9375,0.90625,0.9375,0.9375,1,0.9375,0.875,0.96875,0.9375,0.96875,0.875,1,0.9375,0.9375,0.9375,0.953125,0.96875,0.9375,0.96875,0.953125,1,0.953125,0.9375,0.96875,0.96875,0.953125,0.96875,0.96875,1,0.96875,0.9375,0.984375,0.96875,0.984375,0.9375,1,0.96875,0.96875,0.96875,0.9765625,0.984375,0.96875,0.984375,0.9765625,1,0.9765625,0.96875,0.984375,0.984375,0.9765625,0.984375,0.984375,1,0.984375,0.96875,0.9921875,0.984375,0.9921875,0.96875,1,0.984375,0.984375,0.984375,0.98828125,0.9921875,0.984375,0.9921875,0.98828125,1,0.98828125,0.984375,0.9921875,0.9921875,0.98828125,0.9921875,0.9921875,1,0.9921875,0.984375,0.99609375,0.9921875,0.99609375,0.984375,1,0.9921875,0.9921875,0.9921875,0.994140625,0.99609375,0.9921875,0.99609375,0.994140625,1,0.994140625,0.9921875,0.99609375,0.99609375,0.994140625,0.99609375,0.99609375,1,0.99609375,0.9921875,0.998046875,0.99609375,0.998046875,0.9921875,1,0.99609375],1,1]}],"resources":[{"id":0,"assetBundleId":-2,"data":[[["textmesh pro/shaders/tmp_sdf-mobile",0,500],["fonts & materials/liberationsans sdf",1,26860],["fonts & materials/liberationsans sdf",6,26858],["textmesh pro/fonts/liberationsans",1,27174],["textmesh pro/fonts/liberationsans",53,27096],["fonts & materials/liberationsans sdf - fallback",1,26896],["fonts & materials/liberationsans sdf - fallback",6,26894],["fonts & materials/liberationsans sdf - fallback",35,26892],["fonts & materials/liberationsans sdf",35,26856],["prefabs/pepero",37,27090],["prefabs/case",37,27092],["unity_builtin_extra",0,180],["unity_builtin_extra",1,872],["unity_builtin_extra",6,874],["unity_builtin_extra",0,298],["unity_builtin_extra",0,154],["unity_builtin_extra",6,866],["unity_builtin_extra",0,28],["dotweensettings",91,26848],["unity_builtin_extra",0,300],["prefabs/gamemanager",37,27448],["prefabs/image",37,27442],["textmesh pro/fonts/liberationsans - ofl",96,27436],["textmesh pro/fonts/liberationsans",6,27172],["fonts & materials/liberationsans sdf - drop shadow",6,26776],["fonts & materials/liberationsans sdf - outline",6,26906],["linebreaking following characters",96,27182],["linebreaking leading characters",96,27180],["textmesh pro/shaders/tmp_sprite",0,524],["textmesh pro/sprites/emojione",1,27446],["sprite assets/emojione",6,27572],["sprite assets/emojione",93,26878],["sprite assets/emojione",6,30082],["style sheets/default style sheet",94,26864],["tmp settings",95,26934],["textmesh pro/shaders/tmpro",97,27432],["textmesh pro/shaders/tmpro_mobile",97,27438],["textmesh pro/shaders/tmpro_properties",97,27452],["textmesh pro/shaders/tmpro_surface",97,27434],["textmesh pro/shaders/tmp_bitmap-custom-atlas",0,584],["textmesh pro/shaders/tmp_bitmap-mobile",0,550],["textmesh pro/shaders/tmp_bitmap",0,604],["textmesh pro/shaders/tmp_sdf overlay",0,560],["textmesh pro/shaders/tmp_sdf ssd",0,586],["textmesh pro/shaders/tmp_sdf-mobile masking",0,542],["textmesh pro/shaders/tmp_sdf-mobile overlay",0,544],["textmesh pro/shaders/tmp_sdf-mobile ssd",0,594],["textmesh pro/shaders/tmp_sdf-surface-mobile",0,620],["textmesh pro/shaders/tmp_sdf-surface",0,580],["textmesh pro/shaders/tmp_sdf",0,590],["textmesh pro/sprites/emojione attribution",96,27440],["textmesh pro/sprites/emojione",96,27444],["debuguicanvas",37,27428],["unity_builtin_extra",1,902],["unity_builtin_extra",33,904],["debuguipersistentcanvas",37,27430]],[27128,27092,27170,27092,27088,27108,28006,27448,28372,27448,28002,27448,28770,27448,28484,27448,28008,27448,28446,27448,28536,27448,28676,27448,28010,27448,28368,27448,29116,27448,29194,27448,28012,27448,28190,27448,28518,27448,28786,27448,28014,27448,28350,27448,28476,27448,29230,27448,28016,27448,28442,27448,29078,27448,29170,27448,28018,27448,28424,27448,28466,27448,29124,27448,28020,27448,28362,27448,28986,27448,28926,27448,28022,27448,28202,27448,28742,27448,28898,27448,28024,27448,28198,27448,28810,27448,29086,27448,28026,27448,28450,27448,29134,27448,28720,27448,28028,27448,28234,27448,28458,27448,28686,27448,28030,27448,28310,27448,29222,27448,29240,27448,28032,27448,28394,27448,29274,27448,28626,27448,28034,27448,28358,27448,28938,27448,28616,27448,28036,27448,28294,27448,29282,27448,28544,27448,28038,27448,28342,27448,28890,27448,28568,27448,28040,27448,28346,27448,29026,27448,28974,27448,28042,27448,28314,27448,29142,27448,28956,27448,28044,27448,28420,27448,28664,27448,29290,27448,28046,27448,28258,27448,29214,27448,29106,27448,28048,27448,28390,27448,28818,27448,29308,27448,28050,27448,28248,27448,29328,27448,28872,27448,28052,27448,28382,27448,28778,27448,28730,27448,28054,27448,28290,27448,28910,27448,28642,27448,28056,27448,28438,27448,28966,27448,28698,27448,28058,27448,28354,27448,28760,27448,28710,27448,28060,27448,28404,27448,29318,27448,29012,27448,28062,27448,28334,27448,29338,27448,29036,27448,28064,27448,28266,27448,29068,27448,28750,27448,28066,27448,28224,27448,28994,27448,29180,27448,28068,27448,28278,27448,28826,27448,29204,27448,28070,27448,28286,27448,28844,27448,28946,27448,28072,27448,28240,27448,28918,27448,28578,27448,28074,27448,28324,27448,28656,27448,29002,27448,28076,27448,28194,27448,28588,27448,28526,27448,28078,27448,28244,27448,29300,27448,29048,27448,28080,27448,28212,27448,28496,27448,29058,27448,28082,27448,28398,27448,29096,27448,28508,27448,28084,27448,28330,27448,28882,27448,29252,27448,28086,27448,28228,27448,28560,27448,28604,27448,28088,27448,28338,27448,28596,27448,28852,27448,28090,27448,28206,27448,28862,27448,29264,27448,28092,27448,28252,27448,28796,27448,29154,27448,28094,27448,28428,27448,28096,27448,28098,27448,28100,27448,28102,27448,28104,27448,28106,27448,28108,27448,28110,27448,28112,27448,28114,27448,28116,27448,28118,27448,28120,27448,28122,27448,28124,27448,28126,27448,28128,27448,28130,27448,28132,27448,28134,27448,28136,27448,28138,27448,28140,27448,28142,27448,28144,27448,28146,27448,28148,27448,28150,27448,28152,27448,28154,27448,28156,27448,28158,27448,28160,27448,28162,27448,28164,27448,28166,27448,28168,27448,28170,27448,28172,27448,28174,27448,28176,27448,28178,27448,28180,27448,28182,27448,30862,30206,31592,30206,30424,30206,32314,30206,30412,30206,30866,30206,31596,30206,32322,30206,30864,30206,30208,30206,30152,30206,30416,30206,30846,30206,30210,30206,30858,30206,31576,30206,30418,30206,32302,30206,30852,30206,31572,30206,30420,30206,32304,30206,31552,30206,31560,30206,30872,30206,31582,30206,30428,30206,32328,30206,30212,30206,30844,30206,30838,30206,30154,30216,30218,30216,30220,30216,30876,30216,30880,30216,30156,30224,30440,30224,30892,30224,30228,30224,31606,30224,30888,30224,30226,30224,30884,30224,30886,30224,30158,30232,30236,30232,31630,30232,30444,30232,31624,30232,31616,30232,31636,30232,30450,30232,30452,30232,30454,30232,30456,30232,30458,30232,30234,30232,30896,30232,30898,30232,30160,30240,30244,30240,31642,30240,30460,30240,31662,30240,31650,30240,31656,30240,30466,30240,30468,30240,30470,30240,30472,30240,30474,30240,30242,30240,30912,30240,30914,30240,30162,30248,30252,30248,31682,30248,30476,30248,31676,30248,31670,30248,31688,30248,30482,30248,30484,30248,30486,30248,30488,30248,30490,30248,30250,30248,30928,30248,30930,30248,30164,30256,30260,30256,30948,30256,30492,30256,30946,30256,30496,30256,30498,30256,30500,30256,30258,30256,30944,30256,30950,30256,30166,30264,30266,30264,30506,30264,30510,30264,30960,30264,30272,30270,30526,30270,30528,30270,30530,30270,30168,30270,30274,30270,30974,30270,30972,30270,30280,30278,30552,30278,30554,30278,30556,30278,30558,30278,30170,30278,30542,30278,31006,30278,31008,30278,30282,30278,31734,30278,31736,30278,30544,30278,31014,30278,31016,30278,31722,30278,31724,30278,30546,30278,31022,30278,31024,30278,31730,30278,31732,30278,30548,30278,31032,30278,31034,30278,31726,30278,31728,30278,30992,30278,30990,30278,30994,30278,30996,30278,30998,30278,31000,30278,31002,30278,30288,30286,30570,30286,30572,30286,30574,30286,30172,30286,30578,30286,31054,30286,31056,30286,30290,30286,31768,30286,31770,30286,30580,30286,31066,30286,31068,30286,31764,30286,31766,30286,31046,30286,31044,30286,31048,30286,31050,30286,30296,30294,30592,30294,30594,30294,30596,30294,30174,30294,30600,30294,31096,30294,31098,30294,30298,30294,31790,30294,31792,30294,30602,30294,31102,30294,31104,30294,31798,30294,31800,30294,30604,30294,31108,30294,31110,30294,31794,30294,31796,30294,31080,30294,31070,30294,31082,30294,31084,30294,31086,30294,30304,30302,30626,30302,30628,30302,30630,30302,30176,30302,30616,30302,31134,30302,31136,30302,30306,30302,31828,30302,31830,30302,30618,30302,31146,30302,31148,30302,31824,30302,31826,30302,30620,30302,31154,30302,31156,30302,31836,30302,31838,30302,30622,30302,31140,30302,31142,30302,31832,30302,31834,30302,31122,30302,31112,30302,31124,30302,31126,30302,31128,30302,31130,30302,30178,30310,30180,30314,30320,30318,30658,30318,30182,30318,30322,30318,31170,30318,30328,30326,30730,30326,30732,30326,30734,30326,30184,30326,30664,30326,31976,30326,32502,30326,31244,30326,32490,30326,31964,30326,31242,30326,30330,30326,31960,30326,31962,30326,30666,30326,32030,30326,32582,30326,31304,30326,32576,30326,32036,30326,31302,30326,32032,30326,32034,30326,30668,30326,32020,30326,32404,30326,31298,30326,32412,30326,32214,30326,31296,30326,32210,30326,32212,30326,30670,30326,32010,30326,32534,30326,31428,30326,32632,30326,31958,30326,31426,30326,31954,30326,31956,30326,30672,30326,32088,30326,32676,30326,31268,30326,32468,30326,31888,30326,31266,30326,31884,30326,31886,30326,30674,30326,31986,30326,32600,30326,31178,30326,32528,30326,32094,30326,31176,30326,32090,30326,32092,30326,30676,30326,32114,30326,32472,30326,31262,30326,32394,30326,32164,30326,31260,30326,32160,30326,32162,30326,30678,30326,31880,30326,32458,30326,31440,30326,32476,30326,32006,30326,31438,30326,32002,30326,32004,30326,30680,30326,32250,30326,32452,30326,31238,30326,32462,30326,32192,30326,31236,30326,32188,30326,32190,30326,30682,30326,32052,30326,32662,30326,31404,30326,32478,30326,32154,30326,31402,30326,32150,30326,32152,30326,30684,30326,32158,30326,32560,30326,31416,30326,32460,30326,31970,30326,31414,30326,31966,30326,31968,30326,30686,30326,32176,30326,32424,30326,31434,30326,32464,30326,32182,30326,31432,30326,32178,30326,32180,30326,30688,30326,31918,30326,32644,30326,31184,30326,32512,30326,31914,30326,31182,30326,31910,30326,31912,30326,30690,30326,32138,30326,32606,30326,31256,30326,32670,30326,32104,30326,31254,30326,32100,30326,32102,30326,30692,30326,31898,30326,32680,30326,31286,30326,32434,30326,31940,30326,31284,30326,31936,30326,31938,30326,30694,30326,32000,30326,32638,30326,31280,30326,32696,30326,31950,30326,31278,30326,31946,30326,31948,30326,30696,30326,32230,30326,32648,30326,31292,30326,32482,30326,31982,30326,31290,30326,31978,30326,31980,30326,30698,30326,32148,30326,32554,30326,31196,30326,32466,30326,32220,30326,31194,30326,32216,30326,32218,30326,30700,30326,32142,30326,32510,30326,31226,30326,32690,30326,32170,30326,31224,30326,32166,30326,32168,30326,30702,30326,32098,30326,32688,30326,31446,30326,32668,30326,32110,30326,31444,30326,32106,30326,32108,30326,30704,30326,32024,30326,32706,30326,31274,30326,32484,30326,32242,30326,31272,30326,32238,30326,32240,30326,30706,30326,31870,30326,32506,30326,31232,30326,32396,30326,32044,30326,31230,30326,32040,30326,32042,30326,30708,30326,32082,30326,32610,30326,31190,30326,32486,30326,32236,30326,31188,30326,32232,30326,32234,30326,30710,30326,31866,30326,32586,30326,31422,30326,32612,30326,32198,30326,31420,30326,32194,30326,32196,30326,30712,30326,31994,30326,32408,30326,31202,30326,32416,30326,32078,30326,31200,30326,32074,30326,32076,30326,30714,30326,31924,30326,32620,30326,31398,30326,32684,30326,31932,30326,31396,30326,31928,30326,31930,30326,30716,30326,32062,30326,32444,30326,31392,30326,32538,30326,31908,30326,31390,30326,31904,30326,31906,30326,30718,30326,32206,30326,32496,30326,31220,30326,32650,30326,32226,30326,31218,30326,32222,30326,32224,30326,30720,30326,31902,30326,32420,30326,31208,30326,32588,30326,32134,30326,31206,30326,32130,30326,32132,30326,30722,30326,32048,30326,32628,30326,31410,30326,32622,30326,32126,30326,31408,30326,32122,30326,32124,30326,30724,30326,31862,30326,32544,30326,31214,30326,32556,30326,31894,30326,31212,30326,31890,30326,31892,30326,30726,30326,32186,30326,32656,30326,31250,30326,32624,30326,32016,30326,31248,30326,32012,30326,32014,30326,31314,30326,31312,30326,31316,30326,31318,30326,31320,30326,31322,30326,31324,30326,31326,30326,31328,30326,31330,30326,31332,30326,31334,30326,31336,30326,31338,30326,31340,30326,31342,30326,31344,30326,31346,30326,31348,30326,31350,30326,31352,30326,31354,30326,31356,30326,31358,30326,31360,30326,31362,30326,31364,30326,31366,30326,31368,30326,31370,30326,31372,30326,31374,30326,31376,30326,31378,30326,30186,30334,30750,30334,31450,30334,30338,30334,32254,30334,31456,30334,30336,30334,31452,30334,31454,30334,30188,30342,30344,30342,30346,30342,31466,30342,31462,30342,30352,30350,30770,30350,30772,30350,30774,30350,30190,30350,30354,30350,31478,30350,31476,30350,30192,30358,30360,30358,31488,30358,30194,30364,30368,30364,30794,30364,30796,30364,30366,30364,31492,30364,31496,30364,30196,30372,30374,30372,30376,30372,31502,30372,31506,30372,30198,30380,30382,30380,30384,30380,31510,30380,31514,30380,30200,30388,30392,30388,31526,30388,31524,30388,30814,30388,30816,30388,30818,30388,30390,30388,31518,30388,31528,30388,30202,30396,30400,30396,31536,30396,30830,30396,31534,30396,30824,30396,30826,30396,30828,30396,30398,30396,31538,30396,31540,30396,32872,27430,32882,27430,32884,32890,32892,32890,32894,32890,32912,32890,32916,32890]]}],"project-settings":[{"id":-1,"assetBundleId":-2,"data":[[["UnityEngine.EventSystems.EventSystem",-1000],["UnityEngine.UI.ToggleGroup",10],["TMPro.TextMeshPro",-105],["TMPro.TextMeshProUGUI",-100],["TMPro.TextContainer",-110],["UnityEngine.Rendering.Universal.CinemachineUniversalPixelPerfect",-1]],[[-611672961,"Background",-1],[0,"Default",0],[1456684971,"Foreground",1],[-1111072475,"Scenery",2],[617671275,"Level",3],[-1592510795,"Player",4],[-1685016129,"UI",5]],[[0,"Default"],[1,"TransparentFX"],[2,"Ignore Raycast"],[4,"Water"],[5,"UI"],[6,"Goods"]],[0.0199999995529652,0.333333343267441,1,0.0299999993294477],[0,-9.8100004196167,0,6,2,0,1,[[0,0,0],[0,0,1],[0,0,2],[0,0,4],[0,0,5],[0,0,6],[0,1,0],[0,1,1],[0,1,2],[0,1,4],[0,1,5],[0,1,6],[0,2,0],[0,2,1],[0,2,2],[0,2,4],[0,2,5],[0,2,6],[0,4,0],[0,4,1],[0,4,2],[0,4,4],[0,4,5],[0,4,6],[0,5,0],[0,5,1],[0,5,2],[0,5,4],[0,5,5],[0,5,6],[0,6,0],[0,6,1],[0,6,2],[0,6,4],[0,6,5],[0,6,6]]],[null,null,0,-9.8100004196167,3,8,1,0.200000002980232,8,100,360,0.200000002980232,0.75,0.5,0.00999999977648258,2,0.00999999977648258,1,1,1,1,0,0,[[0,0,0],[0,0,1],[0,0,2],[0,0,4],[0,0,5],[0,0,6],[0,1,0],[0,1,1],[0,1,2],[0,1,4],[0,1,5],[0,1,6],[0,2,0],[0,2,1],[0,2,2],[0,2,4],[0,2,5],[0,2,6],[0,4,0],[0,4,1],[0,4,2],[0,4,4],[0,4,5],[0,4,6],[0,5,0],[0,5,1],[0,5,2],[0,5,4],[0,5,5],[0,5,6],[0,6,0],[0,6,1],[0,6,2],[0,6,4],[0,6,5],[0,6,6]]],[[[[],["Performant","Balanced","High Fidelity"],0,0,0,0.400000005960464,1,20,0,1,0,0,0,0,0,0,2,4,0,0,0.333333343267441,0.0666666701436043,0.200000002980232,0.466666668653488,0,0,16,2,0,3,512,0,1,2,512,1,1024,0],[[],["Performant","Balanced","High Fidelity"],1,1,0,1,1,20,0,1,0,0,0,0,0,0,2,64,1,0,0.333333343267441,0.0666666701436043,0.200000002980232,0.466666668653488,0,1,16,2,0,3,512,0,1,2,512,1,1024,1],[[],["Performant","Balanced","High Fidelity"],2,2,4,2,2,40,1,1,1,0,1,0,0,0,2,2048,2,1,0.333333343267441,0.0666666701436043,0.200000002980232,0.466666668653488,0,1,16,2,1,3,512,0,1,2,512,1,1024,2]],["Performant","Balanced","High Fidelity"],2,2,4,2,2,40,1,1,1,0,1,0,0,0,2,2048,2,1,0.333333343267441,0.0666666701436043,0.200000002980232,0.466666668653488,0,1,16,2,1,3,512,0,1,2,512,1,1024,2],0,0,0,2,0,["Untagged","Respawn","Finish","EditorOnly","MainCamera","Player","GameController","CaseSlot"]]}]}